{
    "average_gollie_density": {
        "Gemma-7b-it":0.06543236452345438,
        "Llama3-70b-8192": 0.07923098120262988,
        "Llama3-8b-8192": 0.0667884145562062,
        "Mixtral-8x7b-32768": 0.07168378939387838
    },
    "average_raw_density": {
        "Gemma-7b-it": 0.04943267454321673,
        "Llama3-70b-8192": 0.06116922023239751,
        "Llama3-8b-8192": 0.05327975002489063,
        "Mixtral-8x7b-32768": 0.058859038808104426
    }
}

