{
    "average_gollie_accuracy": {
        "Llama3-70b-8192": 0.1029363695781672,
        "Llama3-8b-8192": 0.10722812241598877,
        "Mixtral-8x7b-32768": 0.1760578394586113
    },
    "average_raw_accuracy": {
        "Llama3-70b-8192": 0.14902331114079045,
        "Llama3-8b-8192": 0.17419023679284282,
        "Mixtral-8x7b-32768": 0.17382743702269624
    }
}