{
    "average_gollie_accuracy": {
        "Gemma-7b-It": 0.12366895050397246,
        "Llama3-70b-8192": 0.19083707843911564,
        "Llama3-8b-8192": 0.1510189910413391,
        "Mixtral-8x7b-32768": 0.22487778981759024
    },
    "average_raw_accuracy": {
        "Gemma-7b-It":0.09774339755944275,
        "Llama3-70b-8192": 0.16020456062276338,
        "Llama3-8b-8192": 0.11531299701339176,
        "Mixtral-8x7b-32768": 0.1740534612215753
    }
}

