{
    "average_gollie_accuracy": {
        "Gemma-7b-It": 0.07366895050397246,
        "Llama3-70b-8192": 0.14083707843911564,
        "Llama3-8b-8192": 0.1510189910413391,
        "Mixtral-8x7b-32768": 0.22487778981759024
    },
    "average_raw_accuracy": {
        "Gemma-7b-It": 0.10774339755944275,
        "Llama3-70b-8192": 0.18020456062276338,
        "Llama3-8b-8192": 0.17531299701339176,
        "Mixtral-8x7b-32768": 0.21740534612215753
    }
}