{
    "average_gollie_density": {
        "Gemma-7b-It": 0.054659480521190025,
        "Llama3-70b-8192": 0.0880064256734106,
        "Llama3-8b-8192": 0.05753910975827989,
        "Mixtral-8x7b-32768": 0.07247112531057075
    },
    "average_raw_density": {
        "Gemma-7b-It": 0.08368642279138534,
        "Llama3-70b-8192": 0.07002938174854663,
        "Llama3-8b-8192": 0.06778019282179489,
        "Mixtral-8x7b-32768": 0.0695831124752883
    }
}