{
    "average_gollie_density": {
        "Llama3-70b-8192": 0.06647330550840015,
        "Llama3-8b-8192": 0.056342689456241456,
        "Mixtral-8x7b-32768": 0.07650587626131565
    },
    "average_raw_density": {
        "Llama3-70b-8192": 0.07285935919199242,
        "Llama3-8b-8192": 0.061518812696355014,
        "Mixtral-8x7b-32768": 0.0694765466769047
    }
}