{
    "gollie_densities": {
        "Llama3-70b-8192": [
            0.10416666666666667,
            0.0,
            0.02631578947368421,
            0.07526881720430108,
            0.14864864864864866,
            0.0136986301369863,
            0.09183673469387756,
            0.06451612903225806,
            0.0,
            0.0875,
            0.12121212121212122,
            0.06451612903225806
        ],
        "Llama3-8b-8192": [
            0.10884353741496598,
            0.02247191011235955,
            0.01556420233463035,
            0.05179282868525897,
            0.07526881720430108,
            0.06091370558375635,
            0.08823529411764706,
            0.041666666666666664,
            0.0,
            0.07142857142857142,
            0.11428571428571428,
            0.02564102564102564
        ],
        "Mixtral-8x7b-32768": [
            0.0893854748603352,
            0.013605442176870748,
            0.041379310344827586,
            0.072,
            0.15384615384615385,
            0.1,
            0.0650887573964497,
            0.04411764705882353,
            0.12345679012345678,
            0.08547008547008547,
            0.09523809523809523,
            0.034482758620689655
        ]
    },
    "raw_densities": {
        "Llama3-70b-8192": [
            0.06976744186046512,
            0.016042780748663103,
            0.05194805194805195,
            0.08461538461538462,
            0.07692307692307693,
            0.07246376811594203,
            0.06451612903225806,
            0.038461538461538464,
            0.10317460317460317,
            0.11666666666666667,
            0.13095238095238096,
            0.04878048780487805
        ],
        "Llama3-8b-8192": [
            0.046218487394957986,
            0.018518518518518517,
            0.025,
            0.08496732026143791,
            0.026515151515151516,
            0.11290322580645161,
            0.06153846153846154,
            0.04424778761061947,
            0.11304347826086956,
            0.06944444444444445,
            0.11764705882352941,
            0.01818181818181818
        ],
        "Mixtral-8x7b-32768": [
            0.06547619047619048,
            0.01639344262295082,
            0.06666666666666667,
            0.07947019867549669,
            0.055,
            0.0935672514619883,
            0.03773584905660377,
            0.028901734104046242,
            0.14912280701754385,
            0.0962962962962963,
            0.10084033613445378,
            0.04424778761061947
        ]
    }
}