{
    "gollie_densities": {
        "Gemma-7b-It": [
            0.09375,
            0.0,
            0.03571428571428571,
            0.041666666666666664,
            0.08333333333333333,
            0.10526315789473684,
            0.1368421052631579,
            0.056338028169014086,
            0.05172413793103448,
            0.05128205128205128,
            0.0,
            0.0
        ],
        "Llama3-70b-8192": [
            0.1038961038961039,
            0.010638297872340425,
            0.04,
            0.07142857142857142,
            0.13513513513513514,
            0.1326530612244898,
            0.0898876404494382,
            0.09411764705882353,
            0.1095890410958904,
            0.10416666666666667,
            0.11538461538461539,
            0.04918032786885246
        ],
        "Llama3-8b-8192": [
            0.12962962962962962,
            0.0,
            0.05755395683453238,
            0.0625,
            0.0913978494623656,
            0.012903225806451613,
            0.01,
            0.035211267605633804,
            0.0962962962962963,
            0.09859154929577464,
            0.0963855421686747,
            0.0
        ],
        "Mixtral-8x7b-32768": [
            0.07851239669421488,
            0.0,
            0.04,
            0.08,
            0.13333333333333333,
            0.11627906976744186,
            0.045112781954887216,
            0.025,
            0.08433734939759036,
            0.13253012048192772,
            0.08737864077669903,
            0.04716981132075472
        ]
    },
    "raw_densities": {
        "Gemma-7b-It": [
            0.09090909090909091,
            0.014925373134328358,
            0.07575757575757576,
            0.03529411764705882,
            0.03773584905660377,
            0.109375,
            0.05970149253731343,
            0.03278688524590164,
            0.1509433962264151,
            0.16279069767441862,
            0.16129032258064516,
            0.07272727272727272
        ],
        "Llama3-70b-8192": [
            0.06962025316455696,
            0.0,
            0.03184713375796178,
            0.12727272727272726,
            0.0449438202247191,
            0.06321839080459771,
            0.056338028169014086,
            0.03125,
            0.11,
            0.11290322580645161,
            0.1323529411764706,
            0.06060606060606061
        ],
        "Llama3-8b-8192": [
            0.05092592592592592,
            0.007874015748031496,
            0.05128205128205128,
            0.08866995073891626,
            0.08064516129032258,
            0.09417040358744394,
            0.057291666666666664,
            0.060240963855421686,
            0.0784313725490196,
            0.10256410256410256,
            0.10638297872340426,
            0.03488372093023256
        ],
        "Mixtral-8x7b-32768": [
            0.09174311926605505,
            0.020833333333333332,
            0.030927835051546393,
            0.045454545454545456,
            0.05789473684210526,
            0.10559006211180125,
            0.049723756906077346,
            0.0430622009569378,
            0.140625,
            0.07446808510638298,
            0.12962962962962962,
            0.04504504504504504
        ]
    }
}