{
    "gollie_acc": {
        "Llama3-70b-8192": [
            0.05202312138728324,
            0.011695906432748537,
            0.022099447513812154,
            0.04,
            0.053475935828877004,
            0.04918032786885246,
            0.04375,
            0.041666666666666664,
            0.0,
            0.5555555555555556,
            0.3157894736842105,
            0.05
        ],
        "Llama3-8b-8192": [
            0.08670520231213873,
            0.017543859649122806,
            0.03867403314917127,
            0.04,
            0.06417112299465241,
            0.09289617486338798,
            0.0625,
            0.052083333333333336,
            0.3,
            0.1111111111111111,
            0.42105263157894735,
            0.0
        ],
        "Mixtral-8x7b-32768": [
            0.12716763005780346,
            0.023391812865497075,
            0.0055248618784530384,
            0.02666666666666667,
            0.0106951871657754,
            0.08196721311475409,
            0.05625,
            0.052083333333333336,
            0.3333333333333333,
            0.6666666666666666,
            0.5789473684210527,
            0.15
        ]
    },
    "raw_acc": {
        "Llama3-70b-8192": [
            0.04046242774566474,
            0.023391812865497075,
            0.022099447513812154,
            0.03111111111111111,
            0.0748663101604278,
            0.06557377049180328,
            0.08125,
            0.07291666666666667,
            0.36666666666666664,
            0.3888888888888889,
            0.42105263157894735,
            0.2
        ],
        "Llama3-8b-8192": [
            0.12138728323699421,
            0.005847953216374269,
            0.03867403314917127,
            0.057777777777777775,
            0.0855614973262032,
            0.06557377049180328,
            0.06875,
            0.0625,
            0.3,
            0.5,
            0.6842105263157895,
            0.1
        ],
        "Mixtral-8x7b-32768": [
            0.14450867052023122,
            0.011695906432748537,
            0.14917127071823205,
            0.07111111111111111,
            0.08021390374331551,
            0.12568306010928962,
            0.04375,
            0.041666666666666664,
            0.03333333333333333,
            0.6111111111111112,
            0.47368421052631576,
            0.3
        ]
    }
}