{
    "gollie_acc": {
        "Gemma-7b-It": [
            0.028901734104046242,
            0.027624309392265192,
            0.04,
            0.0213903743315508,
            0.03278688524590164,
            0.04375,
            0.041666666666666664,
            0.1111111111111111,
            0.3157894736842105
        ],
        "Llama3-70b-8192": [
            0.046242774566473986,
            0.022099447513812154,
            0.04888888888888889,
            0.0053475935828877,
            0.04918032786885246,
            0.05,
            0.03125,
            0.3333333333333333,
            0.4444444444444444,
            0.3684210526315789,
            0.15
        ],
        "Llama3-8b-8192": [
            0.15028901734104047,
            0.005847953216374269,
            0.06077348066298342,
            0.05333333333333334,
            0.08021390374331551,
            0.02185792349726776,
            0.0625,
            0.0625,
            0.3,
            0.3333333333333333,
            0.631578947368421,
            0.05
        ],
        "Mixtral-8x7b-32768": [
            0.07514450867052024,
            0.023391812865497075,
            0.03867403314917127,
            0.044444444444444446,
            0.0106951871657754,
            0.12021857923497267,
            0.0375,
            0.0625,
            0.5333333333333333,
            0.5,
            1.0526315789473684,
            0.2
        ]
    },
    "raw_acc": {
        "Gemma-7b-It": [
            0.05202312138728324,
            0.005847953216374269,
            0.03314917127071823,
            0.035555555555555556,
            0.0213903743315508,
            0.06557377049180328,
            0.01875,
            0.03125,
            0.26666666666666666,
            0.4444444444444444,
            0.21052631578947367
        ],
        "Llama3-70b-8192": [
            0.10404624277456648,
            0.023391812865497075,
            0.027624309392265192,
            0.04888888888888889,
            0.06951871657754011,
            0.08196721311475409,
            0.06875,
            0.03125,
            0.5333333333333333,
            0.5,
            0.47368421052631576,
            0.2
        ],
        "Llama3-8b-8192": [
            0.1329479768786127,
            0.03314917127071823,
            0.06222222222222222,
            0.0481283422459893,
            0.060109289617486336,
            0.05625,
            0.03125,
            0.43333333333333335,
            0.5,
            0.42105263157894735,
            0.15
        ],
        "Mixtral-8x7b-32768": [
            0.15028901734104047,
            0.011695906432748537,
            0.049723756906077346,
            0.04,
            0.053475935828877004,
            0.11475409836065574,
            0.03125,
            0.020833333333333332,
            0.5333333333333333,
            0.6666666666666666,
            0.7368421052631579,
            0.2
        ]
    }
}