{
    "average_gollie_density": {
        "Gemma-7b-It": 0.06277486568725336,
        "Llama3-70b-8192": 0.07929238975159404,
        "Llama3-8b-8192": 0.051340140055470364,
        "Mixtral-8x7b-32768": 0.07400497717449857
    },
    "average_raw_density": {
        "Gemma-7b-It": 0.10460412989527774,
        "Llama3-70b-8192": 0.07364661727390565,
        "Llama3-8b-8192": 0.0748557341993524,
        "Mixtral-8x7b-32768": 0.06408218320958278
    }
}