{
    "gollie_densities": {
        "Gemma-7b-It": [
            0.0975609756097561,
            0.010101010101010102,
            0.08571428571428572,
            0.047619047619047616,
            0.08888888888888889,
            0.045454545454545456,
            0.10526315789473684,
            0.036585365853658534,
            0.1111111111111111,
            0.125,
            0.0,
            0.0
        ],
        "Llama3-70b-8192": [
            0.1111111111111111,
            0.008771929824561403,
            0.037383177570093455,
            0.07608695652173914,
            0.10638297872340426,
            0.03676470588235294,
            0.08974358974358974,
            0.08333333333333333,
            0.12195121951219512,
            0.14583333333333334,
            0.13414634146341464,
            0.0
        ],
        "Llama3-8b-8192": [
            0.07954545454545454,
            0.006578947368421052,
            0.04046242774566474,
            0.07729468599033816,
            0.1005586592178771,
            0.03308823529411765,
            0.05555555555555555,
            0.059322033898305086,
            0.045454545454545456,
            0.028037383177570093,
            0.07954545454545454,
            0.010638297872340425
        ],
        "Mixtral-8x7b-32768": [
            0.08144796380090498,
            0.005681818181818182,
            0.039735099337748346,
            0.10714285714285714,
            0.07692307692307693,
            0.09615384615384616,
            0.058394160583941604,
            0.05217391304347826,
            0.0989010989010989,
            0.11235955056179775,
            0.13414634146341464,
            0.025
        ]
    },
    "raw_densities": {
        "Gemma-7b-It": [
            0.07058823529411765,
            0.014084507042253521,
            0.11940298507462686,
            0.07792207792207792,
            0.12121212121212122,
            0.0970873786407767,
            0.0821917808219178,
            0.038461538461538464,
            0.19607843137254902,
            0.2127659574468085,
            0.18,
            0.045454545454545456
        ],
        "Llama3-70b-8192": [
            0.08108108108108109,
            0.015267175572519083,
            0.034482758620689655,
            0.11428571428571428,
            0.06622516556291391,
            0.09090909090909091,
            0.07563025210084033,
            0.05217391304347826,
            0.11504424778761062,
            0.10112359550561797,
            0.09259259259259259,
            0.0449438202247191
        ],
        "Llama3-8b-8192": [
            0.058823529411764705,
            0.0234375,
            0.040983606557377046,
            0.07386363636363637,
            0.10596026490066225,
            0.08208955223880597,
            0.06315789473684211,
            0.05737704918032787,
            0.11764705882352941,
            0.10344827586206896,
            0.1232876712328767,
            0.04819277108433735
        ],
        "Mixtral-8x7b-32768": [
            0.10638297872340426,
            0.012711864406779662,
            0.05970149253731343,
            0.075,
            0.05019305019305019,
            0.08053691275167785,
            0.0446927374301676,
            0.015209125475285171,
            0.09923664122137404,
            0.08264462809917356,
            0.10101010101010101,
            0.041666666666666664
        ]
    }
}